model_a,model_b,model_a_scores,model_b_scores,model_a_avg_score,model_b_avg_score,winner
gpt-4o,gemini-1.5-pro,"[0.52351353570133, 0.5119936731206585, 0.4338764935880616]","[0.47648646429867003, 0.48800632687934153, 0.5661235064119384]",0.48979456747001676,0.5102054325299833,model_b
gpt-4o,claude-3-opus-20240229,"[0.5294268714347481, 0.38687305843385844, 0.5832566122777986]","[0.470573128565252, 0.6131269415661414, 0.41674338772220143]",0.4998521807154684,0.5001478192845316,model_b
