model_name,elo_ranking
gemini-1.5-pro,1002.0
claude-3-opus-20240229,1001.9884872017008
gpt-4o,794.0230255965985
