model_name,elo_ranking
gpt-3.5-turbo,984.504597014194
gpt-4o-mini,803.8646340381363
gpt-4o,802.1327833267574
gpt-4-turbo,801.8644329706106
claude-3-opus-20240229,800.0
gemini-1.5-pro,798.2252957506751
claude-3-5-sonnet-20240620,797.9568871516606
claude-3-sonnet-20240229,796.1560211203076
claude-2.0,784.4655400665891
gpt-4,780.5583399558989
claude-1.3,772.6441360711168
