,model_name,elo_ranking
0,gemini-1.5-pro,1001.9997392474505
1,gpt-4o,807.8629115640185
2,claude-3-opus-20240229,803.9543509744395
3,gpt-4-turbo,803.885937104765
4,claude-3-5-sonnet-20240620,800
5,gpt-4,792.0694502321988
