model_name,elo_ranking
gpt-3.5-turbo,992.3664879866153
gpt-4o-mini,801.7637577287153
claude-3-opus-20240229,800.0
gemini-1.5-pro,796.1358898836589
gpt-4-turbo,794.0927831079445
gpt-4o,792.2282154862588
claude-3-5-sonnet-20240620,790.1954988840137
claude-3-sonnet-20240229,784.3875316982691
claude-2.0,774.5238331033945
gpt-4,770.6145595291356
claude-1.3,766.758022304131
