,Unnamed: 0,Model 1,Model 2,Winner,Model 1 Total Score,Model 2 Total Score
0,0,claude-3-5-sonnet-20240620,claude-3-opus-20240229,Model 2,1.4321896998513628,1.5678103001486372
1,1,claude-3-5-sonnet-20240620,gpt-4o,Model 2,1.312981499885472,1.6870185001145286
2,2,claude-3-5-sonnet-20240620,gpt-4-turbo,Model 1,1.5158364399883473,1.4841635600116527
3,3,claude-3-5-sonnet-20240620,gpt-4,Model 1,1.8490001842652908,1.1509998157347092
4,4,claude-3-5-sonnet-20240620,gemini-1.5-pro,Model 2,1.409327074855951,1.590672925144049
