model_name,elo_ranking
claude-3-opus-20240229,998.0115127982992
gemini-1.5-pro,998.0
gpt-4o,805.9769744034015
