model_a,model_b,model_a_scores,model_b_scores,model_a_avg_score,model_b_avg_score,winner
gpt-4o,gemini-1.5-pro,"[0.5560760851187889, 0.5739740611653582]","[0.4439239148812112, 0.4260259388346418]",0.5650250731420736,0.4349749268579265,model_a
gpt-4o,claude-3-opus-20240229,"[0.6223375684171571, 0.5240915653770836, 0.4900458073561099]","[0.37766243158284285, 0.4759084346229165, 0.5099541926438901]",0.5454916470501169,0.45450835294988307,model_a
